C,gamma,scores
1,0.0065261430685713195,0.9275713114430889
